
INSERT INTO Magazyn (ID, NAZWA) VALUES (SEQ_MAGAZYN.NEXTVAL, 'Magazyn Części');

INSERT INTO Magazyn (ID, NAZWA) VALUES (SEQ_MAGAZYN.NEXTVAL, 'Warsztat');

INSERT INTO Magazyn (ID, NAZWA) VALUES (SEQ_MAGAZYN.NEXTVAL, 'Magazynek G. Rybaka');

INSERT INTO MAGAZYN_MIEJSCA (ID, NAZWA, MAGAZYN_ID) VALUES (SEQ_MAGAZYN_MIEJSCA.NEXTVAL, 'Regał‚ I', 1);

INSERT INTO MAGAZYN_MIEJSCA (ID, NAZWA, MAGAZYN_ID) VALUES (SEQ_MAGAZYN_MIEJSCA.NEXTVAL, 'Regał‚ II', 1);

INSERT INTO MAGAZYN_MIEJSCA (ID, NAZWA, MAGAZYN_ID) VALUES (SEQ_MAGAZYN_MIEJSCA.NEXTVAL, 'Regał‚ III', 1);

INSERT INTO MAGAZYN_MIEJSCA (ID, NAZWA, MAGAZYN_ID) VALUES (SEQ_MAGAZYN_MIEJSCA.NEXTVAL, 'Regał‚ IV', 1);

INSERT INTO MAGAZYN_MIEJSCA (ID, NAZWA, MAGAZYN_ID) VALUES (SEQ_MAGAZYN_MIEJSCA.NEXTVAL, 'Biurko', 2);

INSERT INTO MAGAZYN_MIEJSCA (ID, NAZWA, MAGAZYN_ID) VALUES (SEQ_MAGAZYN_MIEJSCA.NEXTVAL, 'Lewy Regał‚', 2);

INSERT INTO MAGAZYN_MIEJSCA (ID, NAZWA, MAGAZYN_ID) VALUES (SEQ_MAGAZYN_MIEJSCA.NEXTVAL, 'Prawy Regał‚', 2);

INSERT INTO MAGAZYN_MIEJSCA (ID, NAZWA, MAGAZYN_ID) VALUES (SEQ_MAGAZYN_MIEJSCA.NEXTVAL, 'Koszyczki', 2);

INSERT INTO MIEJSCE_POZYCJA (ID, NAZWA, MAGAZYN_MIEJSCA_ID) VALUES (SEQ_MIEJSCE_POZYCJA.NEXTVAL, 'Sekcja A', 1);

INSERT INTO MIEJSCE_POZYCJA (ID, NAZWA, MAGAZYN_MIEJSCA_ID) VALUES (SEQ_MIEJSCE_POZYCJA.NEXTVAL, 'Sekcja A', 2);

INSERT INTO MIEJSCE_POZYCJA (ID, NAZWA, MAGAZYN_MIEJSCA_ID) VALUES (SEQ_MIEJSCE_POZYCJA.NEXTVAL, 'Sekcja B', 2);

INSERT INTO MIEJSCE_POZYCJA (ID, NAZWA, MAGAZYN_MIEJSCA_ID) VALUES (SEQ_MIEJSCE_POZYCJA.NEXTVAL, 'Sekcja A', 3);

INSERT INTO MIEJSCE_POZYCJA (ID, NAZWA, MAGAZYN_MIEJSCA_ID) VALUES (SEQ_MIEJSCE_POZYCJA.NEXTVAL, 'Sekcja B', 3);

INSERT INTO MIEJSCE_POZYCJA (ID, NAZWA, MAGAZYN_MIEJSCA_ID) VALUES (SEQ_MIEJSCE_POZYCJA.NEXTVAL, 'Sekcja C', 3);

INSERT INTO MIEJSCE_POZYCJA (ID, NAZWA, MAGAZYN_MIEJSCA_ID) VALUES (SEQ_MIEJSCE_POZYCJA.NEXTVAL, 'Sekcja A', 4);

INSERT INTO MIEJSCE_POZYCJA (ID, NAZWA, MAGAZYN_MIEJSCA_ID) VALUES (SEQ_MIEJSCE_POZYCJA.NEXTVAL, 'Sekcja B', 4);

INSERT INTO MIEJSCE_POZYCJA (ID, NAZWA, MAGAZYN_MIEJSCA_ID) VALUES (SEQ_MIEJSCE_POZYCJA.NEXTVAL, 'Sekcja C', 4);

INSERT INTO MIEJSCE_POZYCJA (ID, NAZWA, MAGAZYN_MIEJSCA_ID) VALUES (SEQ_MIEJSCE_POZYCJA.NEXTVAL, 'Sekcja D', 4);

INSERT INTO MIEJSCE_POZYCJA (ID, NAZWA, MAGAZYN_MIEJSCA_ID) VALUES (SEQ_MIEJSCE_POZYCJA.NEXTVAL, 'Sekcja E', 4);

INSERT INTO MIARY (ID, NAZWA) VALUES (1, 'szt');

INSERT INTO MIARY (ID, NAZWA) VALUES (2, 'cm');

INSERT INTO MIARY (ID, NAZWA) VALUES (3, 'm');

INSERT INTO MIARY (ID, NAZWA) VALUES (4, 'op');

INSERT INTO TYPY_CZESCI (ID, NAZWA, POD_NAZWA) VALUES (1, 'Elektryczne', 'bezpiecznik');

INSERT INTO TYPY_CZESCI (ID, NAZWA, POD_NAZWA) VALUES (2, 'Elektryczne', 'kontrakton');

INSERT INTO TYPY_CZESCI (ID, NAZWA, POD_NAZWA) VALUES (3, 'Elektryczne', 'czujnik');

INSERT INTO TYPY_CZESCI (ID, NAZWA, POD_NAZWA) VALUES (4, 'Elektryczne', 'typ Ea');

INSERT INTO TYPY_CZESCI (ID, NAZWA, POD_NAZWA) VALUES (5, 'Pneumatyczne', 'ElektorZawór');

INSERT INTO TYPY_CZESCI (ID, NAZWA, POD_NAZWA) VALUES (6, 'Pneumatyczne', 'Siłownik');

INSERT INTO TYPY_CZESCI (ID, NAZWA, POD_NAZWA) VALUES (7, 'Pneumatyczne', 'SzybkoZłączka');

INSERT INTO TYPY_CZESCI (ID, NAZWA, POD_NAZWA) VALUES (8, 'Pneumatyczne', 'typ Pa');

INSERT INTO TYPY_CZESCI (ID, NAZWA, POD_NAZWA) VALUES (9, 'Mechaniczne', 'frez');

INSERT INTO TYPY_CZESCI (ID, NAZWA, POD_NAZWA) VALUES (10, 'Mechaniczne', 'wiertło');

INSERT INTO TYPY_CZESCI (ID, NAZWA, POD_NAZWA) VALUES (11, 'Mechaniczne', 'chwytak');

INSERT INTO TYPY_CZESCI (ID, NAZWA, POD_NAZWA) VALUES (12, 'Mechaniczne', 'typ Ma');

INSERT INTO CZESCI (ID, NAZWA, TYPY_CZESCI_ID, PARAMETR_1, PARAMETR_2, PARAMETR_3, ZDJECIE, LINK_PRZYKLAD) VALUES (seq_czesci.NEXTVAL, 'Bezpiecznik 16A', 1, '16A', 'Wielkość - D01', 'Char - gG', NULL, NULL);

INSERT INTO CZESCI (ID, NAZWA, TYPY_CZESCI_ID, PARAMETR_1, PARAMETR_2, PARAMETR_3, ZDJECIE, LINK_PRZYKLAD) VALUES (seq_czesci.NEXTVAL, 'frez 5x5', 9, 'ostrze 5 mm', 'podstawa 5mm', NULL, NULL, NULL);

INSERT INTO CZESCI (ID, NAZWA, TYPY_CZESCI_ID, PARAMETR_1, PARAMETR_2, PARAMETR_3, ZDJECIE, LINK_PRZYKLAD) VALUES (seq_czesci.NEXTVAL, 'frez 8x5', 9, 'ostrze 5 mm', 'podstawa 8mm', NULL, NULL, NULL);

INSERT INTO CZESCI (ID, NAZWA, TYPY_CZESCI_ID, PARAMETR_1, PARAMETR_2, PARAMETR_3, ZDJECIE, LINK_PRZYKLAD) VALUES (seq_czesci.NEXTVAL, 'Eti 12H8', 3, 'NO', '3 Piny', 'Laserowy', NULL, NULL);

INSERT INTO CZESCI (ID, NAZWA, TYPY_CZESCI_ID, PARAMETR_1, PARAMETR_2, PARAMETR_3, ZDJECIE, LINK_PRZYKLAD) VALUES (seq_czesci.NEXTVAL, 'Część A', 4, 'ParA', 'ParB', NULL, NULL, NULL);

INSERT INTO CZESCI (ID, NAZWA, TYPY_CZESCI_ID, PARAMETR_1, PARAMETR_2, PARAMETR_3, ZDJECIE, LINK_PRZYKLAD) VALUES (seq_czesci.NEXTVAL, 'Część B', 8, 'ParA', 'ParB', NULL, NULL, NULL);

INSERT INTO CZESCI (ID, NAZWA, TYPY_CZESCI_ID, PARAMETR_1, PARAMETR_2, PARAMETR_3, ZDJECIE, LINK_PRZYKLAD) VALUES (seq_czesci.NEXTVAL, 'Część C', 8, 'ParA', 'ParB', NULL, NULL, NULL);

INSERT INTO CZESCI (ID, NAZWA, TYPY_CZESCI_ID, PARAMETR_1, PARAMETR_2, PARAMETR_3, ZDJECIE, LINK_PRZYKLAD) VALUES (seq_czesci.NEXTVAL, 'Część D', 12, 'ParA', 'ParB', NULL, NULL, NULL);

INSERT INTO POZYCJA_CZESCI (ID, MIEJSCE_POZYCJA_ID, DODATKOWE_INFO, CZESCI_ID, ILOSC, MIARY_ID) VALUES (SEQ_POZYCJA_CZESCI.NEXTVAL,7, 'Półka 2', 1, 10, 1);

INSERT INTO POZYCJA_CZESCI (ID, MIEJSCE_POZYCJA_ID, DODATKOWE_INFO, CZESCI_ID, ILOSC, MIARY_ID) VALUES (SEQ_POZYCJA_CZESCI.NEXTVAL,1, 'Półka 1', 2, 5, 1);

INSERT INTO POZYCJA_CZESCI (ID, MIEJSCE_POZYCJA_ID, DODATKOWE_INFO, CZESCI_ID, ILOSC, MIARY_ID) VALUES (SEQ_POZYCJA_CZESCI.NEXTVAL, 1, 'Półka 2', 3, 4, 1);

INSERT INTO POZYCJA_CZESCI (ID, MIEJSCE_POZYCJA_ID, DODATKOWE_INFO, CZESCI_ID, ILOSC, MIARY_ID) VALUES (SEQ_POZYCJA_CZESCI.NEXTVAL, 5, 'Półka 4, W kartonie', 4, 20, 1);

INSERT INTO POZYCJA_CZESCI (ID, MIEJSCE_POZYCJA_ID, DODATKOWE_INFO, CZESCI_ID, ILOSC, MIARY_ID) VALUES (SEQ_POZYCJA_CZESCI.NEXTVAL, 5, 'Półka 3', 5, 2, 1);

INSERT INTO POZYCJA_CZESCI (ID, MIEJSCE_POZYCJA_ID, DODATKOWE_INFO, CZESCI_ID, ILOSC, MIARY_ID) VALUES (SEQ_POZYCJA_CZESCI.NEXTVAL, 3, 'Półka 3', 6, 10, 3);

INSERT INTO POZYCJA_CZESCI (ID, MIEJSCE_POZYCJA_ID, DODATKOWE_INFO, CZESCI_ID, ILOSC, MIARY_ID) VALUES (SEQ_POZYCJA_CZESCI.NEXTVAL, 3, 'Półka 4', 7, 20, 4);

INSERT INTO POZYCJA_CZESCI (ID, MIEJSCE_POZYCJA_ID, DODATKOWE_INFO, CZESCI_ID, ILOSC, MIARY_ID) VALUES (SEQ_POZYCJA_CZESCI.NEXTVAL, 9, 'Półka 1', 8, 5, 1);

INSERT INTO RODZAJ_ZMIANY (ID, NAZWA) VALUES (1, 'Dodano');

INSERT INTO RODZAJ_ZMIANY (ID, NAZWA) VALUES (2, 'Pobrano');

INSERT INTO RODZAJ_ZMIANY (ID, NAZWA) VALUES (3, 'Zmieniono');

-- STANOWISKA
INSERT INTO STANOWISKA (ID, NAZWA) VALUES (1, 'Dyrektor');
INSERT INTO STANOWISKA (ID, NAZWA) VALUES (2, 'Szef Produkcji');
INSERT INTO STANOWISKA (ID, NAZWA) VALUES (3, 'Kierownik');
INSERT INTO STANOWISKA (ID, NAZWA) VALUES (4, 'Automatyk');

-- KATEGORIE_DOSTEPU
INSERT INTO KATEGORIE_DOSTEPU (ID, KATEGORIA, DODATKOWE_INFO) VALUES (1, 1, 'Dostęp do wszystkiego');
INSERT INTO KATEGORIE_DOSTEPU (ID, KATEGORIA, DODATKOWE_INFO) VALUES (2, 2, 'Stan Maszyn, Zadania, Zamówienia, Magazyn');
INSERT INTO KATEGORIE_DOSTEPU (ID, KATEGORIA, DODATKOWE_INFO) VALUES (3, 3, 'Stan Maszyn, Zadania');

-- UZYTKOWNIK
INSERT INTO UZYTKOWNIK (ID, NAZWA, ID_STANOWISKA, ID_KATEGORIA_DOSTEPU) VALUES (1, 'Wieslaw', 1, 3);
INSERT INTO UZYTKOWNIK (ID, NAZWA, ID_STANOWISKA, ID_KATEGORIA_DOSTEPU) VALUES (2, 'Rybak G.', 2, 2);
INSERT INTO UZYTKOWNIK (ID, NAZWA, ID_STANOWISKA, ID_KATEGORIA_DOSTEPU) VALUES (3, 'Wisniewski M.', 3, 3);
INSERT INTO UZYTKOWNIK (ID, NAZWA, ID_STANOWISKA, ID_KATEGORIA_DOSTEPU) VALUES (4, 'Leperowicz A.', 3, 3);
INSERT INTO UZYTKOWNIK (ID, NAZWA, ID_STANOWISKA, ID_KATEGORIA_DOSTEPU) VALUES (5, 'Damian', 4, 1);
INSERT INTO UZYTKOWNIK (ID, NAZWA, ID_STANOWISKA, ID_KATEGORIA_DOSTEPU) VALUES (6, 'Jacek', 4, 1);
INSERT INTO UZYTKOWNIK (ID, NAZWA, ID_STANOWISKA, ID_KATEGORIA_DOSTEPU) VALUES (7, 'Michal R', 4, 1);

-- STANY
INSERT INTO STANY (ID, NAZWA) VALUES (1, 'Sprawna');
INSERT INTO STANY (ID, NAZWA) VALUES (2, 'Uwaga');
INSERT INTO STANY (ID, NAZWA) VALUES (3, 'Usterka');
INSERT INTO STANY (ID, NAZWA) VALUES (4, 'Serwisowana');
INSERT INTO STANY (ID, NAZWA) VALUES (5, 'Naprawiana');
INSERT INTO STANY (ID, NAZWA) VALUES (6, 'Nie Sprawna - Czekanie na części');
INSERT INTO STANY (ID, NAZWA) VALUES (7, 'Nie Sprawna - Naprawiana');
INSERT INTO STANY (ID, NAZWA) VALUES (8, 'Nie Sprawna');

-- TYPY_MASZYN
INSERT INTO TYPY_MASZYN (ID, NAZWA) VALUES (1, 'SBZ 609');
INSERT INTO TYPY_MASZYN (ID, NAZWA) VALUES (2, 'SBZ 620');
INSERT INTO TYPY_MASZYN (ID, NAZWA) VALUES (3, 'SBZ 610');
INSERT INTO TYPY_MASZYN (ID, NAZWA) VALUES (4, 'Zgrz-Holl');
INSERT INTO TYPY_MASZYN (ID, NAZWA) VALUES (5, 'Rotox');
INSERT INTO TYPY_MASZYN (ID, NAZWA) VALUES (6, 'Graff');

-- MASZYNY
INSERT INTO MASZYNY (ID, DLUGA_NAZWA, KROTKA_NAZWA, ID_TYPU, PRODUCENT, NR_SERYJNY, ID_STANU) VALUES (1, 'CO Elumatec SBZ620 1', 'C01', 2, 'Elumatec', '1111111111', 1);
INSERT INTO MASZYNY (ID, DLUGA_NAZWA, KROTKA_NAZWA, ID_TYPU, PRODUCENT, NR_SERYJNY, ID_STANU) VALUES (2, 'CO Elumatec SBZ609 2', 'C02', 1, 'Elumatec', '1111111111', 1);
INSERT INTO MASZYNY (ID, DLUGA_NAZWA, KROTKA_NAZWA, ID_TYPU, PRODUCENT, NR_SERYJNY, ID_STANU) VALUES (3, 'CO Elumatec SBZ620 3', 'C03', 2, 'Elumatec', '1111111111', 1);
INSERT INTO MASZYNY (ID, DLUGA_NAZWA, KROTKA_NAZWA, ID_TYPU, PRODUCENT, NR_SERYJNY, ID_STANU) VALUES (4, 'CO Elumatec SBZ609 4', 'C04', 1, 'Elumatec', '1111111111', 1);
INSERT INTO MASZYNY (ID, DLUGA_NAZWA, KROTKA_NAZWA, ID_TYPU, PRODUCENT, NR_SERYJNY, ID_STANU) VALUES (5, 'CO Elumatec SBZ609 5', 'C05', 1, 'Elumatec', '1111111111', 1);
INSERT INTO MASZYNY (ID, DLUGA_NAZWA, KROTKA_NAZWA, ID_TYPU, PRODUCENT, NR_SERYJNY, ID_STANU) VALUES (6, 'CO Elumatec SBZ609 6', 'C06', 1, 'Elumatec', '6090008393', 1);
INSERT INTO MASZYNY (ID, DLUGA_NAZWA, KROTKA_NAZWA, ID_TYPU, PRODUCENT, NR_SERYJNY, ID_STANU) VALUES (7, 'CO Elumatec SBZ609 7', 'C07', 1, 'Elumatec', '6090009385', 1);
INSERT INTO MASZYNY (ID, DLUGA_NAZWA, KROTKA_NAZWA, ID_TYPU, PRODUCENT, NR_SERYJNY, ID_STANU) VALUES (8, 'CO Elumatec SBZ609 8', 'C08', 1, 'Elumatec', '1111111111', 1);
INSERT INTO MASZYNY (ID, DLUGA_NAZWA, KROTKA_NAZWA, ID_TYPU, PRODUCENT, NR_SERYJNY, ID_STANU) VALUES (9, 'CO Elumatec SBZ609 9', 'C09', 1, 'Elumatec', '1111111111', 1);
INSERT INTO MASZYNY (ID, DLUGA_NAZWA, KROTKA_NAZWA, ID_TYPU, PRODUCENT, NR_SERYJNY, ID_STANU) VALUES (10, 'CO Elumatec SBZ609 10', 'C010', 1, 'Elumatec', '1111111111', 1);
INSERT INTO MASZYNY (ID, DLUGA_NAZWA, KROTKA_NAZWA, ID_TYPU, PRODUCENT, NR_SERYJNY, ID_STANU) VALUES (11, 'CT Elumatec SBZ 610 1', 'CT1', 3, 'Elumatec', '1111111111', 1);
INSERT INTO MASZYNY (ID, DLUGA_NAZWA, KROTKA_NAZWA, ID_TYPU, PRODUCENT, NR_SERYJNY, ID_STANU) VALUES (12, 'CT Elumatec SBZ 610 2', 'CT2', 3, 'Elumatec', '1111111111', 1);
INSERT INTO MASZYNY (ID, DLUGA_NAZWA, KROTKA_NAZWA, ID_TYPU, PRODUCENT, NR_SERYJNY, ID_STANU) VALUES (13, 'CT Elumatec SBZ 610 3', 'CT3', 3, 'Elumatec', '1111111111', 1);
INSERT INTO MASZYNY (ID, DLUGA_NAZWA, KROTKA_NAZWA, ID_TYPU, PRODUCENT, NR_SERYJNY, ID_STANU) VALUES (14, 'CT Elumatec SBZ 610 4', 'CT4', 3, 'Elumatec', '1111111111', 1);
INSERT INTO MASZYNY (ID, DLUGA_NAZWA, KROTKA_NAZWA, ID_TYPU, PRODUCENT, NR_SERYJNY, ID_STANU) VALUES (15, 'Zgrzewarka Gr. Zgrzewu Hollinger 1', 'EH11', 4, 'Hollinger', '1111111111', 1);
INSERT INTO MASZYNY (ID, DLUGA_NAZWA, KROTKA_NAZWA, ID_TYPU, PRODUCENT, NR_SERYJNY, ID_STANU) VALUES (16, 'Zgrzewarka Gr. Zgrzewu Hollinger 1', 'EH12', 4, 'Hollinger', '1111111111', 1);
INSERT INTO MASZYNY (ID, DLUGA_NAZWA, KROTKA_NAZWA, ID_TYPU, PRODUCENT, NR_SERYJNY, ID_STANU) VALUES (17, 'Zgrzewarka Gr. Zgrzewu Hollinger 1', 'EH13', 4, 'Hollinger', '1111111111', 1);
INSERT INTO MASZYNY (ID, DLUGA_NAZWA, KROTKA_NAZWA, ID_TYPU, PRODUCENT, NR_SERYJNY, ID_STANU) VALUES (18, 'Zgrzewarka Gr. Zgrzewu Hollinger 1', 'EH14', 4, 'Hollinger', '1111111111', 1);
INSERT INTO MASZYNY (ID, DLUGA_NAZWA, KROTKA_NAZWA, ID_TYPU, PRODUCENT, NR_SERYJNY, ID_STANU) VALUES (19, 'Oczyszczarka Rotox 1', 'EH21', 5, 'Rotox', '1111111111', 1);
INSERT INTO MASZYNY (ID, DLUGA_NAZWA, KROTKA_NAZWA, ID_TYPU, PRODUCENT, NR_SERYJNY, ID_STANU) VALUES (20, 'Oczyszczarka Rotox 2', 'EH22', 5, 'Rotox', '1111111111', 1);
INSERT INTO MASZYNY (ID, DLUGA_NAZWA, KROTKA_NAZWA, ID_TYPU, PRODUCENT, NR_SERYJNY, ID_STANU) VALUES (21, 'Oczyszczarka Rotox 3', 'EH23', 5, 'Rotox', '1111111111', 1);
INSERT INTO MASZYNY (ID, DLUGA_NAZWA, KROTKA_NAZWA, ID_TYPU, PRODUCENT, NR_SERYJNY, ID_STANU) VALUES (22, 'Oczyszczarka Rotox 4', 'EH24', 5, 'Rotox', '1111111111', 1);
INSERT INTO MASZYNY (ID, DLUGA_NAZWA, KROTKA_NAZWA, ID_TYPU, PRODUCENT, NR_SERYJNY, ID_STANU) VALUES (23, 'Zgrzewarka Cien. Zgrzewu Graff 1', 'GS1', 6, 'Graff', '1111111111', 1);
INSERT INTO MASZYNY (ID, DLUGA_NAZWA, KROTKA_NAZWA, ID_TYPU, PRODUCENT, NR_SERYJNY, ID_STANU) VALUES (24, 'Zgrzewarka Cien. Zgrzewu Graff 2', 'GS2', 6, 'Graff', '1111111111', 1);
INSERT INTO MASZYNY (ID, DLUGA_NAZWA, KROTKA_NAZWA, ID_TYPU, PRODUCENT, NR_SERYJNY, ID_STANU) VALUES (25, 'Zgrzewarka Cien. Zgrzewu Graff 3', 'GS3', 6, 'Graff', '1111111111', 1);
INSERT INTO MASZYNY (ID, DLUGA_NAZWA, KROTKA_NAZWA, ID_TYPU, PRODUCENT, NR_SERYJNY, ID_STANU) VALUES (26, 'Zgrzewarka Cien. Zgrzewu Graff 4', 'GS4', 6, 'Graff', '1111111111', 1);
INSERT INTO MASZYNY (ID, DLUGA_NAZWA, KROTKA_NAZWA, ID_TYPU, PRODUCENT, NR_SERYJNY, ID_STANU) VALUES (27, 'Zgrzewarka Cien. Zgrzewu Graff 5', 'GS5', 6, 'Graff', '1111111111', 1);
INSERT INTO MASZYNY (ID, DLUGA_NAZWA, KROTKA_NAZWA, ID_TYPU, PRODUCENT, NR_SERYJNY, ID_STANU) VALUES (28, 'Zgrzewarka Cien. Zgrzewu Graff 6', 'GS6', 6, 'Graff', '1111111111', 1);
INSERT INTO MASZYNY (ID, DLUGA_NAZWA, KROTKA_NAZWA, ID_TYPU, PRODUCENT, NR_SERYJNY, ID_STANU) VALUES (29, 'Zgrzewarka Cien. Zgrzewu Graff 7', 'GS7', 6, 'Graff', '1111111111', 1);
